Order ID,Order Date,CustomerName,Division,City
B-26055,10/3/2025,Farzana Hossain,Sylhet,Moulvibazar
B-25993,3/2/2025,Jamal Khan,Dhaka,Narayanganj
B-25973,24-01-2025,Moumita Hossain,Sylhet,Moulvibazar
B-25923,27-12-2025,Jannat Haque,Chattogram,Chattogram
B-25757,21-08-2025,Karim Islam,Dhaka,Dhaka
B-25967,21-01-2025,Tahmid Hossain,Sylhet,Habiganj
B-25955,16-01-2025,Nafisa Nahar,Chattogram,Cumilla
B-26093,27-03-2025,Tahmina Islam,Chattogram,Cumilla
B-25798,1/10/2025,Masud Hossain,Mymensingh,Jamalpur
B-25602,1/4/2025,Ayesha Hossain,Chattogram,Cumilla
B-25858,13-11-2025,Masud Khan,Chattogram,Chattogram
B-25969,21-01-2025,Fahad Alam,Khulna,Jashore
B-26099,30-03-2025,Asif Ahmed,Chattogram,Chattogram
B-25997,4/2/2025,Shahriar Sarker,Chattogram,Cumilla
B-25881,25-11-2025,Sharmeen Ahmed,Sylhet,Moulvibazar
B-25761,25-08-2025,Jamal Khan,Sylhet,Moulvibazar
B-25887,1/12/2025,Karim Islam,Sylhet,Habiganj
B-25823,18-10-2025,Rokeya Jahan,Chattogram,Chattogram
B-25853,8/11/2025,Rashed Talukder,Khulna,Khulna
B-25862,15-11-2025,Nafisa Begum,Khulna,Kushtia
B-25830,26-10-2025,Jamal Haque,Sylhet,Sunamganj
B-25786,19-09-2025,Moumita Hossain,Sylhet,Moulvibazar
B-25686,11/6/2025,Tanushree Dey,Sylhet,Sunamganj
B-26022,18-02-2025,Rupa Rahman,Rangpur,Rangpur
B-26003,8/2/2025,Zannat Sultana,Dhaka,Gazipur
B-25755,19-08-2025,Shahriar Mia,Barishal,Patuakhali
B-25902,10/12/2025,Adiba Nahar,Chattogram,Chattogram
B-25935,4/1/2025,Samia Nahar,Chattogram,Rangamati
B-25797,30-09-2025,Shahin Uddin,Dhaka,Dhaka
B-25639,27-04-2025,Asif Sarker,Dhaka,Gazipur
B-25681,4/6/2025,Ananya Sarkar,Dhaka,Dhaka
B-25909,13-12-2025,Moumita Sultana,Chattogram,Cumilla
B-25910,14-12-2025,Shammi Akter,Dhaka,Narayanganj
B-25950,13-01-2025,Hasan Alam,Dhaka,Dhaka
B-25613,12/4/2025,Tanvir Mia,Rajshahi,Pabna
B-25919,23-12-2025,Ratan Sarkar,Rajshahi,Bogura
B-25768,1/9/2025,Parvez Kabir,Mymensingh,Mymensingh
B-25629,24-04-2025,Babul Sheikh,Barishal,Patuakhali
B-25729,22-07-2025,Shakil Uddin,Dhaka,Gazipur
B-25943,9/1/2025,Jarin Rahman,Khulna,Khulna
B-25842,2/11/2025,Ishrat Haque,Chattogram,Cumilla
B-26073,21-03-2025,Jannat Akter,Dhaka,Dhaka
B-25778,11/9/2025,Fatema Nahar,Chattogram,Chattogram
B-25717,12/7/2025,Towhid Molla,Sylhet,Sylhet
B-26085,26-03-2025,Rupa Rahman,Rangpur,Rangpur
B-26048,4/3/2025,Rupa Jahan,Chattogram,Cumilla
B-25793,24-09-2025,Sanjida Chowdhury,Dhaka,Dhaka
B-25656,11/5/2025,Shafiq Hossain,Chattogram,Cumilla
B-25608,8/4/2025,Rima Nahar,Dhaka,Faridpur
B-25752,14-08-2025,Salma Rahman,Dhaka,Dhaka
B-25779,12/9/2025,Sultana Begum,Chattogram,Cumilla
B-25603,3/4/2025,Fahim Sheikh,Dhaka,Gazipur
B-26051,7/3/2025,Shahin Sarker,Barishal,Barishal
B-25653,8/5/2025,Kakoli Saha,Chattogram,Rangamati
B-25855,8/11/2025,Mim Nahar,Dhaka,Gazipur
B-25762,26-08-2025,Rony Mahmud,Dhaka,Dhaka
B-25995,4/2/2025,Fatema Sultana,Dhaka,Narayanganj
B-25929,2/1/2025,Jarin Chowdhury,Barishal,Patuakhali
B-26006,9/2/2025,Ratan Ghosh,Mymensingh,Mymensingh
B-25697,22-06-2025,Rima Sultana,Dhaka,Tangail
B-25836,29-10-2025,Zannat Rahman,Chattogram,Cumilla
B-25601,1/4/2025,Kamal Islam,Khulna,Khulna
B-25873,23-11-2025,Sajid Islam,Dhaka,Dhaka
B-26028,20-02-2025,Shrabonti Saha,Mymensingh,Jamalpur
B-25964,20-01-2025,Rifat Karim,Chattogram,Cumilla
B-25676,1/6/2025,Nafis Molla,Rajshahi,Rajshahi
B-25839,30-10-2025,Barsha Chakraborty,Barishal,Barishal
B-25894,4/12/2025,Adiba Islam,Rangpur,Dinajpur
B-25925,29-12-2025,Hasan Alam,Chattogram,Chattogram
B-25953,14-01-2025,Shathi Nahar,Mymensingh,Jamalpur
B-25772,2/9/2025,Mithila Chowdhury,Khulna,Kushtia
B-25957,18-01-2025,Lamia Islam,Dhaka,Dhaka
B-25730,22-07-2025,Karim Karim,Rajshahi,Rajshahi
B-25877,24-11-2025,Jamal Hossain,Khulna,Jashore
B-26067,16-03-2025,Rony Rahman,Dhaka,Gazipur
B-25810,10/10/2025,Sharif Rahman,Rangpur,Rangpur
B-25868,18-11-2025,Sumaiya Chowdhury,Chattogram,Cox's Bazar
B-26023,19-02-2025,Sajjad Kabir,Rajshahi,Pabna
B-25626,23-04-2025,Asif Ahmed,Chattogram,Chattogram
B-25937,5/1/2025,Shakil Kabir,Rajshahi,Pabna
B-25610,9/4/2025,Shahriar Sarker,Khulna,Kushtia
B-25777,10/9/2025,Rifat Molla,Dhaka,Dhaka
B-25738,2/8/2025,Sakib Molla,Rangpur,Rangpur
B-25978,27-01-2025,Mushfiq Sheikh,Chattogram,Chattogram
B-25643,29-04-2025,Tasnim Nahar,Dhaka,Tangail
B-25728,22-07-2025,Parveen Begum,Chattogram,Cumilla
B-25749,13-08-2025,Sakib Molla,Chattogram,Chattogram
B-25667,23-05-2025,Shahin Alam,Rajshahi,Pabna
B-25657,13-05-2025,Rony Rahman,Dhaka,Gazipur
B-25753,17-08-2025,Mim Islam,Sylhet,Sylhet
B-26061,14-03-2025,Riad Sheikh,Dhaka,Dhaka
B-25838,29-10-2025,Mithila Chowdhury,Dhaka,Dhaka
B-25702,27-06-2025,Nayeem Sarker,Chattogram,Chattogram
B-25952,13-01-2025,Shafiq Hossain,Dhaka,Dhaka
B-25666,22-05-2025,Sabiha Begum,Rangpur,Rangpur
B-25675,31-05-2025,Zahid Karim,Dhaka,Gazipur
B-25650,6/5/2025,Parvez Karim,Chattogram,Chattogram
B-25986,31-01-2025,Jannat Islam,Rajshahi,Bogura
B-25850,5/11/2025,Sajid Kabir,Chattogram,Cox's Bazar
B-25898,7/12/2025,Sajid Kabir,Rajshahi,Bogura
B-25813,10/10/2025,Tamim Rahman,Chattogram,Chattogram
B-25825,21-10-2025,Rahim Bhuiyan,Dhaka,Dhaka
B-25954,14-01-2025,Iqbal Sheikh,Khulna,Khulna
B-25696,21-06-2025,Monir Karim,Mymensingh,Mymensingh
B-25638,26-04-2025,Rupa Jahan,Chattogram,Cumilla
B-25747,11/8/2025,Rumana Khatun,Dhaka,Gazipur
B-25904,10/12/2025,Rafiq Rahman,Dhaka,Narayanganj
B-25852,7/11/2025,Jarin Akter,Mymensingh,Jamalpur
B-25981,28-01-2025,Tasnim Akter,Dhaka,Narayanganj
B-25899,8/12/2025,Munira Chowdhury,Sylhet,Habiganj
B-25870,20-11-2025,Tahmid Islam,Mymensingh,Jamalpur
B-26040,26-02-2025,Sumaiya Haque,Rangpur,Rangpur
B-25671,27-05-2025,Zahid Uddin,Chattogram,Rangamati
B-26100,31-03-2025,Mamun Uddin,Dhaka,Dhaka
B-25651,7/5/2025,Riad Sheikh,Dhaka,Dhaka
B-25968,21-01-2025,Sadia Haque,Rangpur,Dinajpur
B-26019,15-02-2025,Sajjad Mahmud,Sylhet,Sylhet
B-25664,20-05-2025,Sohel Mia,Khulna,Kushtia
B-26033,22-02-2025,Mahmuda Islam,Barishal,Barishal
B-26052,8/3/2025,Shakil Haque,Mymensingh,Mymensingh
B-25999,5/2/2025,Rokeya Begum,Dhaka,Narayanganj
B-25781,14-09-2025,Sumon Ahmed,Khulna,Khulna
B-25764,28-08-2025,Rafiq Mahmud,Chattogram,Cumilla
B-25803,5/10/2025,Azad Talukder,Dhaka,Dhaka
B-25945,11/1/2025,Ferdousi Islam,Dhaka,Dhaka
B-26086,26-03-2025,Sajjad Kabir,Rajshahi,Pabna
B-25845,3/11/2025,Nafisa Rahman,Barishal,Patuakhali
B-25817,13-10-2025,Priya Nahar,Chattogram,Chattogram
B-25951,13-01-2025,Shapla Chowdhury,Barishal,Barishal
B-25970,22-01-2025,Sajjad Ahmed,Chattogram,Chattogram
B-25878,24-11-2025,Dipu Paul,Chattogram,Chattogram
B-26057,10/3/2025,Sakib Karim,Barishal,Patuakhali
B-25885,28-11-2025,Rashed Mia,Dhaka,Dhaka
B-25897,6/12/2025,Rokeya Jahan,Dhaka,Dhaka
B-25756,20-08-2025,Tanvir Mia,Chattogram,Chattogram
B-25859,14-11-2025,Sharmin Nahar,Dhaka,Dhaka
B-25691,16-06-2025,Anika Chowdhury,Chattogram,Chattogram
B-25633,26-04-2025,Nishat Akter,Rangpur,Thakurgaon
B-25708,1/7/2025,Ridwan Sarker,Dhaka,Dhaka
B-25831,27-10-2025,Lamia Islam,Rangpur,Thakurgaon
B-25856,10/11/2025,Mim Nahar,Chattogram,Chattogram
B-25893,4/12/2025,Ayesha Hossain,Sylhet,Moulvibazar
B-25959,18-01-2025,Mehedi Khan,Dhaka,Dhaka
B-26000,6/2/2025,Anika Khatun,Dhaka,Narayanganj
B-26097,28-03-2025,Tanjila Hossain,Mymensingh,Mymensingh
B-25745,9/8/2025,Rahim Bhuiyan,Khulna,Khulna
B-25974,25-01-2025,Rahim Ahmed,Rajshahi,Bogura
B-25670,25-05-2025,Mamun Khan,Chattogram,Cox's Bazar
B-25848,3/11/2025,Rokeya Jahan,Sylhet,Sunamganj
B-25888,2/12/2025,Rokeya Jahan,Rangpur,Dinajpur
B-25942,8/1/2025,Fatema Jahan,Mymensingh,Jamalpur
B-25847,3/11/2025,Faisal Talukder,Rajshahi,Pabna
B-25636,26-04-2025,Tonni Akter,Chattogram,Chattogram
B-25826,22-10-2025,Sakib Talukder,Chattogram,Chattogram
B-26081,22-03-2025,Rima Nahar,Dhaka,Faridpur
B-25625,23-04-2025,Ferdousi Jahan,Dhaka,Tangail
B-25802,5/10/2025,Sathi Saha,Chattogram,Chattogram
B-25693,18-06-2025,Joy Saha,Dhaka,Gazipur
B-25796,24-09-2025,Farzana Khatun,Chattogram,Chattogram
B-25806,6/10/2025,Sultana Jahan,Dhaka,Dhaka
B-25710,5/7/2025,Sabiha Hossain,Chattogram,Cumilla
B-25669,25-05-2025,Nabila Khatun,Rangpur,Thakurgaon
B-25857,10/11/2025,Mim Jahan,Dhaka,Dhaka
B-25785,15-09-2025,Sakib Molla,Barishal,Barishal
B-25930,3/1/2025,Humaira Ahmed,Rangpur,Rangpur
B-26053,9/3/2025,Tasnim Nahar,Dhaka,Tangail
B-26070,18-03-2025,Hasan Alam,Mymensingh,Mymensingh
B-25791,24-09-2025,Siam Sheikh,Barishal,Patuakhali
B-25983,30-01-2025,Siam Uddin,Dhaka,Narayanganj
B-25979,27-01-2025,Sajjad Mia,Dhaka,Dhaka
B-26054,10/3/2025,Masud Islam,Chattogram,Chattogram
B-26078,22-03-2025,Shampa Ghosh,Barishal,Barishal
B-25787,20-09-2025,Shrabonti Ghosh,Dhaka,Tangail
B-25682,7/6/2025,Shathi Nahar,Khulna,Kushtia
B-25962,19-01-2025,Pranab Paul,Chattogram,Cumilla
B-25750,14-08-2025,Sohel Rahman,Dhaka,Dhaka
B-25828,24-10-2025,Ridwan Talukder,Rangpur,Rangpur
B-25622,22-04-2025,Mahmuda Jahan,Rajshahi,Rajshahi
B-25751,14-08-2025,Munira Begum,Chattogram,Chattogram
B-25685,10/6/2025,Ishrat Haque,Dhaka,Dhaka
B-26010,11/2/2025,Habib Mia,Khulna,Kushtia
B-26035,23-02-2025,Ferdousi Jahan,Dhaka,Tangail
B-25698,23-06-2025,Kawsar Molla,Dhaka,Faridpur
B-25966,21-01-2025,Azad Karim,Rajshahi,Bogura
B-25832,28-10-2025,Jesmin Hossain,Chattogram,Chattogram
B-25743,7/8/2025,Afsana Jahan,Chattogram,Rangamati
B-25886,28-11-2025,Sajjad Alam,Rajshahi,Bogura
B-25975,25-01-2025,Shafiq Hossain,Sylhet,Habiganj
B-26098,29-03-2025,Ferdousi Jahan,Dhaka,Tangail
B-25614,13-04-2025,Shapla Begum,Sylhet,Sunamganj
B-25726,21-07-2025,Sabrina Chowdhury,Chattogram,Chattogram
B-26050,6/3/2025,Mushfiq Alam,Rajshahi,Rajshahi
B-25609,9/4/2025,Sajjad Mahmud,Sylhet,Sylhet
B-25741,3/8/2025,Rashed Karim,Dhaka,Dhaka
B-25956,17-01-2025,Zahid Karim,Chattogram,Chattogram
B-25689,14-06-2025,Mushfiq Bhuiyan,Chattogram,Chattogram
B-25939,5/1/2025,Nishat Khatun,Rangpur,Thakurgaon
B-25890,4/12/2025,Sabrina Jahan,Chattogram,Chattogram
B-25814,10/10/2025,Rafiq Rahman,Dhaka,Dhaka
B-25718,12/7/2025,Shahin Alam,Chattogram,Chattogram
B-25914,18-12-2025,Nusrat Rahman,Dhaka,Narayanganj
B-25903,10/12/2025,Ridwan Alam,Dhaka,Dhaka
B-26096,28-03-2025,Mahmuda Islam,Barishal,Barishal
B-25654,10/5/2025,Mithila Nahar,Chattogram,Chattogram
B-26076,21-03-2025,Fahim Sheikh,Dhaka,Gazipur
B-25961,18-01-2025,Rifat Chowdhury,Khulna,Khulna
B-25854,8/11/2025,Anika Khatun,Chattogram,Cumilla
B-25642,28-04-2025,Shakil Haque,Mymensingh,Mymensingh
B-25683,8/6/2025,Zahid Karim,Barishal,Patuakhali
B-26016,14-02-2025,Tania Chowdhury,Mymensingh,Mymensingh
B-26034,23-02-2025,Tanjila Hossain,Mymensingh,Mymensingh
B-26056,10/3/2025,Lubna Sultana,Khulna,Kushtia
B-25819,15-10-2025,Fatema Jahan,Dhaka,Gazipur
B-25715,10/7/2025,Fahad Uddin,Dhaka,Tangail
B-25933,4/1/2025,Rehana Islam,Chattogram,Chattogram
B-26014,13-02-2025,Hasan Uddin,Rajshahi,Rajshahi
B-25655,11/5/2025,Papia Roy,Dhaka,Dhaka
B-25816,12/10/2025,Ferdousi Nahar,Mymensingh,Jamalpur
B-25634,26-04-2025,Nafisa Hossain,Chattogram,Cox's Bazar
B-25895,4/12/2025,Tamim Uddin,Khulna,Jashore
B-25687,11/6/2025,Monir Hossain,Chattogram,Chattogram
B-25662,17-05-2025,Rehana Khatun,Chattogram,Chattogram
B-25635,26-04-2025,Adiba Chowdhury,Chattogram,Rangamati
B-26060,13-03-2025,Parvez Karim,Chattogram,Chattogram
B-26045,3/3/2025,Adiba Chowdhury,Chattogram,Rangamati
B-25770,2/9/2025,Tanjila Islam,Dhaka,Dhaka
B-25744,8/8/2025,Pranab Biswas,Mymensingh,Jamalpur
B-25618,18-04-2025,Shrabonti Saha,Mymensingh,Jamalpur
B-25958,18-01-2025,Anik Mahmud,Barishal,Barishal
B-25769,2/9/2025,Rifat Chowdhury,Chattogram,Chattogram
B-25619,18-04-2025,Papia Ghosh,Khulna,Khulna
B-25688,11/6/2025,Barsha Biswas,Dhaka,Dhaka
B-25829,25-10-2025,Sharmeen Chowdhury,Rajshahi,Pabna
B-26036,23-02-2025,Asif Ahmed,Chattogram,Chattogram
B-25714,9/7/2025,Babul Karim,Mymensingh,Mymensingh
B-25989,1/2/2025,Shahin Alam,Dhaka,Narayanganj
B-25849,4/11/2025,Fahim Kabir,Rangpur,Thakurgaon
B-25851,6/11/2025,Salma Islam,Chattogram,Rangamati
B-25782,15-09-2025,Nabila Chowdhury,Chattogram,Chattogram
B-25621,20-04-2025,Lamia Rahman,Dhaka,Gazipur
B-25996,4/2/2025,Kawsar Haque,Dhaka,Narayanganj
B-25678,3/6/2025,Mehedi Alam,Mymensingh,Mymensingh
B-25727,22-07-2025,Jannat Khatun,Dhaka,Dhaka
B-26018,14-02-2025,Rima Nahar,Dhaka,Faridpur
B-25760,24-08-2025,Tanushree Dey,Chattogram,Cox's Bazar
B-25804,5/10/2025,Asif Khan,Mymensingh,Mymensingh
B-25754,18-08-2025,Sumaiya Jahan,Khulna,Kushtia
B-26020,16-02-2025,Shahriar Sarker,Khulna,Kushtia
B-25640,27-04-2025,Mushfiq Alam,Rajshahi,Rajshahi
B-25789,22-09-2025,Sumaiya Jahan,Sylhet,Sylhet
B-26072,20-03-2025,Rehana Khatun,Chattogram,Chattogram
B-26007,9/2/2025,Anika Khatun,Dhaka,Tangail
B-26087,26-03-2025,Shapla Begum,Sylhet,Sunamganj
B-25617,17-04-2025,Rafiq Molla,Chattogram,Rangamati
B-25984,30-01-2025,Nusrat Rahman,Dhaka,Narayanganj
B-25767,31-08-2025,Ashraf Hossain,Barishal,Barishal
B-25987,31-01-2025,Salma Haque,Dhaka,Narayanganj
B-25840,31-10-2025,Rahim Talukder,Mymensingh,Mymensingh
B-25663,19-05-2025,Jannat Akter,Dhaka,Dhaka
B-26030,21-02-2025,Tahmina Islam,Chattogram,Cumilla
B-25947,13-01-2025,Asif Molla,Khulna,Khulna
B-25896,5/12/2025,Afsana Jahan,Chattogram,Chattogram
B-26009,10/2/2025,Jesmin Chowdhury,Sylhet,Sylhet
B-25876,24-11-2025,Nishat Islam,Rangpur,Dinajpur
B-25915,19-12-2025,Nabila Jahan,Rangpur,Dinajpur
B-25795,24-09-2025,Rupa Sultana,Rangpur,Thakurgaon
B-26002,8/2/2025,Rumana Khatun,Dhaka,Narayanganj
B-25645,1/5/2025,Priya Jahan,Dhaka,Dhaka
B-25837,29-10-2025,Zannat Ahmed,Chattogram,Chattogram
B-25612,12/4/2025,Rupa Rahman,Rangpur,Rangpur
B-25812,10/10/2025,Ratan Chakraborty,Dhaka,Dhaka
B-25843,3/11/2025,Tamim Hossain,Chattogram,Chattogram
B-26026,19-02-2025,Ridwan Khan,Chattogram,Cox's Bazar
B-25773,6/9/2025,Zahid Karim,Barishal,Patuakhali
B-25875,24-11-2025,Nasrin Akter,Sylhet,Habiganj
B-25660,16-05-2025,Hasan Alam,Mymensingh,Mymensingh
B-25918,22-12-2025,Sabbir Mia,Dhaka,Dhaka
B-25971,22-01-2025,Zahid Uddin,Dhaka,Dhaka
B-26063,15-03-2025,Kakoli Saha,Chattogram,Rangamati
B-25867,17-11-2025,Shakil Kabir,Rangpur,Thakurgaon
B-25703,28-06-2025,Raihan Molla,Dhaka,Dhaka
B-25661,17-05-2025,Arif Kabir,Dhaka,Tangail
B-25748,12/8/2025,Riad Rahman,Rajshahi,Rajshahi
B-25766,30-08-2025,Fatema Nahar,Rajshahi,Rajshahi
B-25861,15-11-2025,Mousumi Dey,Sylhet,Sylhet
B-26058,11/3/2025,Shammi Nahar,Rangpur,Rangpur
B-25808,8/10/2025,Karim Uddin,Khulna,Kushtia
B-25900,9/12/2025,Mim Jahan,Rangpur,Dinajpur
B-26084,25-03-2025,Karim Khan,Barishal,Patuakhali
B-25652,8/5/2025,Rifat Ahmed,Chattogram,Cox's Bazar
B-26008,9/2/2025,Sharmin Ahmed,Dhaka,Faridpur
B-25799,1/10/2025,Shammi Sultana,Khulna,Khulna
B-25927,31-12-2025,Zahid Karim,Sylhet,Sylhet
B-25985,31-01-2025,Jahid Ahmed,Dhaka,Dhaka
B-25994,3/2/2025,Ayesha Rahman,Dhaka,Narayanganj
B-25620,20-04-2025,Tahmina Islam,Chattogram,Cumilla
B-25712,7/7/2025,Karim Haque,Rajshahi,Rajshahi
B-25976,25-01-2025,Afroza Jahan,Rangpur,Dinajpur
B-26068,16-03-2025,Kawsar Mia,Rajshahi,Rajshahi
B-25721,16-07-2025,Monir Uddin,Rajshahi,Pabna
B-25863,15-11-2025,Ashraf Haque,Barishal,Patuakhali
B-25991,3/2/2025,Samia Begum,Dhaka,Dhaka
B-25737,1/8/2025,Anika Khatun,Dhaka,Dhaka
B-26043,1/3/2025,Nishat Akter,Rangpur,Thakurgaon
B-25977,27-01-2025,Nabila Chowdhury,Khulna,Jashore
B-25908,12/12/2025,Maliha Akter,Dhaka,Narayanganj
B-25941,7/1/2025,Parvez Alam,Chattogram,Rangamati
B-25794,24-09-2025,Shammi Nahar,Sylhet,Sunamganj
B-26041,27-02-2025,Mushfiq Kabir,Rajshahi,Pabna
B-25695,18-06-2025,Tareq Sheikh,Barishal,Barishal
B-25960,18-01-2025,Zahid Karim,Mymensingh,Jamalpur
B-26037,23-02-2025,Mamun Uddin,Dhaka,Dhaka
B-25921,25-12-2025,Ishrat Khatun,Rangpur,Dinajpur
B-25944,10/1/2025,Parveen Rahman,Chattogram,Cumilla
B-25724,19-07-2025,Ishrat Haque,Dhaka,Dhaka
B-26024,19-02-2025,Shapla Begum,Sylhet,Sunamganj
B-25694,18-06-2025,Afroza Chowdhury,Rajshahi,Rajshahi
B-25665,21-05-2025,Sanjida Jahan,Barishal,Patuakhali
B-26004,8/2/2025,Raisa Rahman,Rajshahi,Rajshahi
B-25611,11/4/2025,Karim Khan,Barishal,Patuakhali
B-25901,10/12/2025,Zubair Uddin,Khulna,Jashore
B-25623,22-04-2025,Mahmuda Islam,Barishal,Barishal
B-25713,8/7/2025,Maliha Haque,Barishal,Barishal
B-26091,27-03-2025,Shrabonti Saha,Mymensingh,Jamalpur
B-25604,3/4/2025,Hasan Uddin,Rajshahi,Rajshahi
B-25827,23-10-2025,Ishrat Haque,Dhaka,Dhaka
B-25835,29-10-2025,Sultana Akter,Khulna,Khulna
B-26025,19-02-2025,Mahmuda Khatun,Rangpur,Thakurgaon
B-25809,9/10/2025,Farhana Rahman,Barishal,Patuakhali
B-25905,11/12/2025,Mamun Sarker,Dhaka,Narayanganj
B-25948,13-01-2025,Nazia Islam,Chattogram,Cumilla
B-26094,27-03-2025,Lamia Rahman,Dhaka,Gazipur
B-25949,13-01-2025,Shahin Molla,Chattogram,Chattogram
B-26001,7/2/2025,Parveen Hossain,Dhaka,Narayanganj
B-25771,2/9/2025,Jamal Bhuiyan,Sylhet,Sylhet
B-25659,15-05-2025,Sabrina Nahar,Barishal,Barishal
B-25924,28-12-2025,Khadija Chowdhury,Mymensingh,Mymensingh
B-25883,27-11-2025,Ishrat Hossain,Khulna,Jashore
B-25946,12/1/2025,Farhana Hossain,Mymensingh,Jamalpur
B-26065,16-03-2025,Papia Roy,Dhaka,Dhaka
B-26083,24-03-2025,Shahriar Sarker,Khulna,Kushtia
B-25725,20-07-2025,Sabrina Rahman,Chattogram,Rangamati
B-25630,24-04-2025,Sumaiya Haque,Rangpur,Rangpur
B-25673,28-05-2025,Shahin Mia,Khulna,Khulna
B-25692,17-06-2025,Nasir Karim,Dhaka,Dhaka
B-25992,3/2/2025,Rashed Talukder,Rajshahi,Bogura
B-25765,29-08-2025,Nasir Kabir,Dhaka,Gazipur
B-25892,4/12/2025,Rifat Molla,Rajshahi,Bogura
B-26089,26-03-2025,Ridwan Khan,Chattogram,Cox's Bazar
B-25780,13-09-2025,Mizan Mahmud,Mymensingh,Jamalpur
B-25684,9/6/2025,Tareq Chowdhury,Chattogram,Chattogram
B-25739,3/8/2025,Kawsar Karim,Rajshahi,Pabna
B-25731,26-07-2025,Hasan Rahman,Barishal,Barishal
B-25648,4/5/2025,Shammi Nahar,Rangpur,Rangpur
B-26038,24-02-2025,Tanushree Dey,Khulna,Kushtia
B-25700,25-06-2025,Adiba Khatun,Chattogram,Chattogram
B-26015,14-02-2025,Shampa Ghosh,Barishal,Barishal
B-25704,29-06-2025,Salma Ahmed,Chattogram,Chattogram
B-25811,10/10/2025,Rahim Haque,Chattogram,Chattogram
B-25821,16-10-2025,Shakil Haque,Barishal,Barishal
B-25874,24-11-2025,Sabiha Hossain,Rajshahi,Bogura
B-25668,24-05-2025,Sajjad Ahmed,Sylhet,Sunamganj
B-25800,1/10/2025,Mithila Sultana,Chattogram,Cumilla
B-25928,1/1/2025,Hossain Sarker,Khulna,Kushtia
B-26021,17-02-2025,Karim Khan,Barishal,Patuakhali
B-26064,16-03-2025,Tapas Roy,Chattogram,Chattogram
B-25882,26-11-2025,Shathi Ahmed,Rangpur,Dinajpur
B-25891,4/12/2025,Emon Haque,Dhaka,Dhaka
B-25820,16-10-2025,Kamal Ahmed,Rajshahi,Rajshahi
B-25889,3/12/2025,Sajid Kabir,Khulna,Jashore
B-25871,21-11-2025,Tahmina Haque,Khulna,Jashore
B-25637,26-04-2025,Lubna Islam,Dhaka,Dhaka
B-25616,15-04-2025,Ridwan Khan,Chattogram,Cox's Bazar
B-25972,23-01-2025,Rupa Ahmed,Rajshahi,Bogura
B-25805,5/10/2025,Shakil Kabir,Chattogram,Chattogram
B-25860,15-11-2025,Sumaiya Jahan,Dhaka,Faridpur
B-26080,22-03-2025,Amit Mondal,Dhaka,Tangail
B-25807,7/10/2025,Shampa Mondal,Sylhet,Sylhet
B-25734,29-07-2025,Tahmid Islam,Dhaka,Dhaka
B-25880,24-11-2025,Lubna Hossain,Rajshahi,Bogura
B-25934,4/1/2025,Fahad Mia,Dhaka,Dhaka
B-25913,17-12-2025,Anika Nahar,Dhaka,Narayanganj
B-25912,16-12-2025,Kamal Chowdhury,Dhaka,Narayanganj
B-25824,20-10-2025,Ayesha Akter,Dhaka,Dhaka
B-25711,6/7/2025,Tanjila Islam,Dhaka,Gazipur
B-25864,15-11-2025,Monir Kabir,Chattogram,Chattogram
B-25917,21-12-2025,Nafisa Hossain,Chattogram,Chattogram
B-26049,5/3/2025,Asif Sarker,Dhaka,Gazipur
B-25920,24-12-2025,Adiba Ahmed,Sylhet,Habiganj
B-25699,24-06-2025,Jamal Sarker,Sylhet,Sylhet
B-25735,30-07-2025,Ruksana Haque,Sylhet,Sylhet
B-25701,26-06-2025,Rokeya Islam,Dhaka,Dhaka
B-26092,27-03-2025,Papia Ghosh,Khulna,Khulna
B-26082,23-03-2025,Sajjad Mahmud,Sylhet,Sylhet
B-25818,14-10-2025,Riad Uddin,Dhaka,Dhaka
B-25846,3/11/2025,Afroza Rahman,Rangpur,Rangpur
B-26011,12/2/2025,Kamal Islam,Khulna,Khulna
B-25631,24-04-2025,Mushfiq Kabir,Rajshahi,Pabna
B-25606,6/4/2025,Tania Chowdhury,Mymensingh,Mymensingh
B-25746,10/8/2025,Mim Islam,Chattogram,Cumilla
B-26005,8/2/2025,Sumaiya Akter,Barishal,Barishal
B-25844,3/11/2025,Faisal Haque,Dhaka,Dhaka
B-25869,19-11-2025,Anik Haque,Chattogram,Rangamati
B-26066,16-03-2025,Shafiq Hossain,Chattogram,Cumilla
B-25865,15-11-2025,Mithila Begum,Dhaka,Dhaka
B-26039,25-02-2025,Babul Sheikh,Barishal,Patuakhali
B-25916,20-12-2025,Samia Rahman,Khulna,Jashore
B-26090,27-03-2025,Rafiq Molla,Chattogram,Rangamati
B-25988,31-01-2025,Ananya Paul,Dhaka,Narayanganj
B-25906,11/12/2025,Salma Khatun,Dhaka,Narayanganj
B-26017,14-02-2025,Amit Mondal,Dhaka,Tangail
B-25644,30-04-2025,Masud Islam,Chattogram,Chattogram
B-25679,4/6/2025,Parveen Ahmed,Chattogram,Chattogram
B-25723,18-07-2025,Dipu Mondal,Chattogram,Chattogram
B-25605,5/4/2025,Shampa Ghosh,Barishal,Barishal
B-25792,24-09-2025,Sajid Kabir,Chattogram,Chattogram
B-25680,4/6/2025,Nabila Chowdhury,Dhaka,Dhaka
B-25931,4/1/2025,Siam Kabir,Chattogram,Chattogram
B-25932,4/1/2025,Rinku Ghosh,Dhaka,Dhaka
B-25990,2/2/2025,Sabbir Ahmed,Dhaka,Narayanganj
B-25615,15-04-2025,Mahmuda Khatun,Rangpur,Thakurgaon
B-26031,22-02-2025,Lamia Rahman,Dhaka,Gazipur
B-25801,1/10/2025,Tania Nahar,Dhaka,Gazipur
B-25833,29-10-2025,Sanjoy Chakraborty,Dhaka,Dhaka
B-26077,22-03-2025,Hasan Uddin,Rajshahi,Rajshahi
B-25936,5/1/2025,Arif Alam,Rangpur,Rangpur
B-25938,5/1/2025,Rehana Islam,Sylhet,Sunamganj
B-25716,11/7/2025,Fatema Nahar,Dhaka,Faridpur
B-25740,3/8/2025,Rakib Bhuiyan,Chattogram,Chattogram
B-25763,27-08-2025,Anisa Akter,Khulna,Khulna
B-25872,22-11-2025,Farhana Hossain,Chattogram,Chattogram
B-25879,24-11-2025,Sanjida Chowdhury,Dhaka,Dhaka
B-25926,30-12-2025,Jarin Ahmed,Dhaka,Dhaka
B-26074,21-03-2025,Kamal Islam,Khulna,Khulna
B-25627,23-04-2025,Mamun Uddin,Dhaka,Dhaka
B-25940,6/1/2025,Mahmud Mahmud,Chattogram,Cox's Bazar
B-26047,4/3/2025,Lubna Islam,Dhaka,Dhaka
B-26069,17-03-2025,Sabrina Nahar,Barishal,Barishal
B-26027,20-02-2025,Rafiq Molla,Chattogram,Rangamati
B-25963,19-01-2025,Fahad Kabir,Chattogram,Chattogram
B-25922,26-12-2025,Salma Akter,Khulna,Jashore
B-25866,16-11-2025,Jesmin Chowdhury,Sylhet,Sunamganj
B-25607,6/4/2025,Amit Mondal,Dhaka,Tangail
B-25775,8/9/2025,Shafiq Khan,Rajshahi,Pabna
B-25998,4/2/2025,Tapas Sarkar,Rajshahi,Bogura
B-26062,15-03-2025,Rifat Ahmed,Chattogram,Cox's Bazar
B-25722,17-07-2025,Farzana Nahar,Sylhet,Sunamganj
B-25776,9/9/2025,Lamia Hossain,Chattogram,Chattogram
B-26032,22-02-2025,Mahmuda Jahan,Rajshahi,Rajshahi
B-25705,30-06-2025,Jannat Islam,Dhaka,Dhaka
B-25628,24-04-2025,Tanushree Dey,Khulna,Kushtia
B-25733,28-07-2025,Barsha Roy,Chattogram,Chattogram
B-25647,3/5/2025,Sakib Karim,Barishal,Patuakhali
B-25790,23-09-2025,Rumana Hossain,Khulna,Kushtia
B-25709,1/7/2025,Kawsar Sarker,Dhaka,Dhaka
B-25911,15-12-2025,Rifat Kabir,Dhaka,Gazipur
B-25774,7/9/2025,Babul Mahmud,Rangpur,Rangpur
B-26042,28-02-2025,Shirin Begum,Sylhet,Sunamganj
B-25815,10/10/2025,Rumana Khatun,Chattogram,Rangamati
B-25822,18-10-2025,Iqbal Molla,Mymensingh,Mymensingh
B-26075,21-03-2025,Iqbal Mahmud,Chattogram,Cumilla
B-25783,15-09-2025,Sajjad Mia,Dhaka,Dhaka
B-26046,4/3/2025,Tonni Akter,Chattogram,Chattogram
B-25690,15-06-2025,Zannat Haque,Dhaka,Dhaka
B-25706,1/7/2025,Shapla Ahmed,Chattogram,Cox's Bazar
B-25736,31-07-2025,Sultana Chowdhury,Chattogram,Chattogram
B-25720,15-07-2025,Sanjoy Dey,Rangpur,Rangpur
B-25907,11/12/2025,Dipa Mondal,Dhaka,Gazipur
B-25719,12/7/2025,Nasir Karim,Dhaka,Dhaka
B-26013,13-02-2025,Fahim Sheikh,Dhaka,Gazipur
B-26044,2/3/2025,Nafisa Hossain,Chattogram,Cox's Bazar
B-25649,5/5/2025,Abrar Molla,Rajshahi,Pabna
B-25658,14-05-2025,Kawsar Mia,Rajshahi,Rajshahi
B-25672,28-05-2025,Sajjad Khan,Mymensingh,Jamalpur
B-25624,22-04-2025,Tanjila Hossain,Mymensingh,Mymensingh
B-25884,28-11-2025,Sadia Khatun,Chattogram,Chattogram
B-25641,27-04-2025,Shahin Sarker,Barishal,Barishal
B-25841,1/11/2025,Raisa Sultana,Chattogram,Chattogram
B-25980,27-01-2025,Jannat Islam,Rajshahi,Bogura
B-26012,13-02-2025,Iqbal Mahmud,Chattogram,Cumilla
B-26029,20-02-2025,Papia Ghosh,Khulna,Khulna
B-26071,19-03-2025,Arif Kabir,Dhaka,Tangail
B-25646,1/5/2025,Lubna Sultana,Khulna,Kushtia
B-25677,2/6/2025,Raihan Molla,Barishal,Barishal
B-25759,23-08-2025,Azad Karim,Rangpur,Thakurgaon
B-26059,12/3/2025,Abrar Molla,Rajshahi,Pabna
B-25632,25-04-2025,Shirin Begum,Sylhet,Sunamganj
B-26079,22-03-2025,Tania Chowdhury,Mymensingh,Mymensingh
B-25674,28-05-2025,Lamia Islam,Chattogram,Cumilla
B-25965,21-01-2025,Sabiha Ahmed,Barishal,Barishal
B-25732,27-07-2025,Imran Molla,Mymensingh,Mymensingh
B-25834,29-10-2025,Fatema Begum,Mymensingh,Jamalpur
B-25784,15-09-2025,Anika Sultana,Rajshahi,Rajshahi
B-25982,29-01-2025,Mehedi Karim,Dhaka,Narayanganj
B-25788,21-09-2025,Sabbir Kabir,Dhaka,Faridpur
B-25742,3/8/2025,Rony Haque,Chattogram,Cox's Bazar
B-26088,26-03-2025,Mahmuda Khatun,Rangpur,Thakurgaon
B-25707,1/7/2025,Emon Haque,Chattogram,Chattogram
B-25758,22-08-2025,Anika Khatun,Sylhet,Sunamganj
B-26095,28-03-2025,Mahmuda Jahan,Rajshahi,Rajshahi
